,0
worst perimeter,0.4718422912925253
worst area,0.46431328562695495
worst radius,0.45123003298461906
mean concave points,0.43880644648738687
worst concave points,0.43625481544152267
mean perimeter,0.402360812274962
mean concavity,0.37544686818672335
mean radius,0.3622757661688467
mean area,0.36002335033029853
area error,0.3407590537454477
worst concavity,0.31525939464830843
perimeter error,0.27561421470596326
radius error,0.2493009020957937
worst compactness,0.22521114898885575
mean compactness,0.21343943327826498
concave points error,0.12541455216937503
worst texture,0.1203313174526599
concavity error,0.1174397233166351
mean texture,0.0965395363947501
worst smoothness,0.09569707667900906
worst symmetry,0.09543477212279394
mean smoothness,0.07973979138087928
compactness error,0.07339016115015573
mean symmetry,0.06572068870620695
worst fractal dimension,0.06504130480502468
fractal dimension error,0.03923533808367097
smoothness error,0.015651324551999357
symmetry error,0.0142157926946751
mean fractal dimension,0.0058880080234731125
texture error,0.0
